order,agency,redesign_label,total_musd,om_pct,dme_pct,om_musd,dme_musd,total_from,om_from,dme_from,reading
0,All 24 agencies (top band),,105136,79,21,82828,22308,"GAO-25-107795 Figure 1, PDF p. 11 (printed p. 5), top band, 'Total planned spending for fiscal year 2025 (in millions)'","GAO-25-107795 Figure 1, PDF p. 11 (printed p. 5), top band, O&M segment ($82,828 over 79%)","GAO-25-107795 Figure 1, PDF p. 11 (printed p. 5), top band, DME segment ($22,308 over 21%)","passes A, B, C and D agree"
1,Department of Defense,Defense,29095,83,17,,,"GAO-25-107795 Figure 1, PDF p. 11 (printed p. 5), row 1, dollar column","GAO-25-107795 Figure 1, PDF p. 11 (printed p. 5), row 1, label inside the O&M segment","GAO-25-107795 Figure 1, PDF p. 11 (printed p. 5), row 1, label inside the DME segment","passes A, B, C and D agree"
2,Department of Homeland Security,Homeland Security,10727,91,9,,,"GAO-25-107795 Figure 1, PDF p. 11 (printed p. 5), row 2, dollar column","GAO-25-107795 Figure 1, PDF p. 11 (printed p. 5), row 2, label inside the O&M segment","GAO-25-107795 Figure 1, PDF p. 11 (printed p. 5), row 2, label inside the DME segment","passes A, B and D agree; OCR read 21%, 6x zoom shows 91%"
3,Department of Health and Human Services,Health and Human Services,10017,73,27,,,"GAO-25-107795 Figure 1, PDF p. 11 (printed p. 5), row 3, dollar column","GAO-25-107795 Figure 1, PDF p. 11 (printed p. 5), row 3, label inside the O&M segment","GAO-25-107795 Figure 1, PDF p. 11 (printed p. 5), row 3, label inside the DME segment","passes A, B, C and D agree"
4,Department of the Treasury,Treasury,9454,61,39,,,"GAO-25-107795 Figure 1, PDF p. 11 (printed p. 5), row 4, dollar column","GAO-25-107795 Figure 1, PDF p. 11 (printed p. 5), row 4, label inside the O&M segment","GAO-25-107795 Figure 1, PDF p. 11 (printed p. 5), row 4, label inside the DME segment","passes A, B, C and D agree"
5,Department of Veterans Affairs,Veterans Affairs,8835,87,13,,,"GAO-25-107795 Figure 1, PDF p. 11 (printed p. 5), row 5, dollar column","GAO-25-107795 Figure 1, PDF p. 11 (printed p. 5), row 5, label inside the O&M segment","GAO-25-107795 Figure 1, PDF p. 11 (printed p. 5), row 5, label inside the DME segment","passes A, B, C and D agree"
6,Department of Transportation,Transportation,4941,60,40,,,"GAO-25-107795 Figure 1, PDF p. 11 (printed p. 5), row 6, dollar column","GAO-25-107795 Figure 1, PDF p. 11 (printed p. 5), row 6, label inside the O&M segment","GAO-25-107795 Figure 1, PDF p. 11 (printed p. 5), row 6, label inside the DME segment","passes A, B, C and D agree"
7,Department of Justice,Justice,4570,79,21,,,"GAO-25-107795 Figure 1, PDF p. 11 (printed p. 5), row 7, dollar column","GAO-25-107795 Figure 1, PDF p. 11 (printed p. 5), row 7, label inside the O&M segment","GAO-25-107795 Figure 1, PDF p. 11 (printed p. 5), row 7, label inside the DME segment","passes A, B, C and D agree"
8,Department of Energy,Energy,4254,81,19,,,"GAO-25-107795 Figure 1, PDF p. 11 (printed p. 5), row 8, dollar column","GAO-25-107795 Figure 1, PDF p. 11 (printed p. 5), row 8, label inside the O&M segment","GAO-25-107795 Figure 1, PDF p. 11 (printed p. 5), row 8, label inside the DME segment","passes A, B, C and D agree"
9,Department of Agriculture,Agriculture,4253,77,23,,,"GAO-25-107795 Figure 1, PDF p. 11 (printed p. 5), row 9, dollar column","GAO-25-107795 Figure 1, PDF p. 11 (printed p. 5), row 9, label inside the O&M segment","GAO-25-107795 Figure 1, PDF p. 11 (printed p. 5), row 9, label inside the DME segment","passes A, B, C and D agree"
10,Department of Commerce,Commerce,3012,74,26,,,"GAO-25-107795 Figure 1, PDF p. 11 (printed p. 5), row 10, dollar column","GAO-25-107795 Figure 1, PDF p. 11 (printed p. 5), row 10, label inside the O&M segment","GAO-25-107795 Figure 1, PDF p. 11 (printed p. 5), row 10, label inside the DME segment","passes A, B, C and D agree"
11,Department of State,State,2784,76,24,,,"GAO-25-107795 Figure 1, PDF p. 11 (printed p. 5), row 11, dollar column","GAO-25-107795 Figure 1, PDF p. 11 (printed p. 5), row 11, label inside the O&M segment","GAO-25-107795 Figure 1, PDF p. 11 (printed p. 5), row 11, label inside the DME segment","passes A, B, C and D agree"
12,National Aeronautics and Space Administration,NASA,2418,87,13,,,"GAO-25-107795 Figure 1, PDF p. 11 (printed p. 5), row 12, dollar column","GAO-25-107795 Figure 1, PDF p. 11 (printed p. 5), row 12, label inside the O&M segment","GAO-25-107795 Figure 1, PDF p. 11 (printed p. 5), row 12, label inside the DME segment","passes A, B, C and D agree"
13,Social Security Administration,Social Security Administration,2195,70,30,,,"GAO-25-107795 Figure 1, PDF p. 11 (printed p. 5), row 13, dollar column","GAO-25-107795 Figure 1, PDF p. 11 (printed p. 5), row 13, label inside the O&M segment","GAO-25-107795 Figure 1, PDF p. 11 (printed p. 5), row 13, label inside the DME segment","passes A, B, C and D agree"
14,Department of the Interior,Interior,2017,83,17,,,"GAO-25-107795 Figure 1, PDF p. 11 (printed p. 5), row 14, dollar column","GAO-25-107795 Figure 1, PDF p. 11 (printed p. 5), row 14, label inside the O&M segment","GAO-25-107795 Figure 1, PDF p. 11 (printed p. 5), row 14, label inside the DME segment","passes A, B, C and D agree"
15,Department of Education,Education,1663,79,21,,,"GAO-25-107795 Figure 1, PDF p. 11 (printed p. 5), row 15, dollar column","GAO-25-107795 Figure 1, PDF p. 11 (printed p. 5), row 15, label inside the O&M segment","GAO-25-107795 Figure 1, PDF p. 11 (printed p. 5), row 15, label inside the DME segment","passes A, B, C and D agree"
16,General Services Administration,General Services Administration,1376,72,28,,,"GAO-25-107795 Figure 1, PDF p. 11 (printed p. 5), row 16, dollar column","GAO-25-107795 Figure 1, PDF p. 11 (printed p. 5), row 16, label inside the O&M segment","GAO-25-107795 Figure 1, PDF p. 11 (printed p. 5), row 16, label inside the DME segment","passes A, B, C and D agree"
17,Department of Labor,Labor,956,75,25,,,"GAO-25-107795 Figure 1, PDF p. 11 (printed p. 5), row 17, dollar column","GAO-25-107795 Figure 1, PDF p. 11 (printed p. 5), row 17, label inside the O&M segment","GAO-25-107795 Figure 1, PDF p. 11 (printed p. 5), row 17, label inside the DME segment","passes A, B, C and D agree"
18,Department of Housing and Urban Development,Housing and Urban Development,538,97,3,,,"GAO-25-107795 Figure 1, PDF p. 11 (printed p. 5), row 18, dollar column","GAO-25-107795 Figure 1, PDF p. 11 (printed p. 5), row 18, label inside the O&M segment","GAO-25-107795 Figure 1, PDF p. 11 (printed p. 5), row 18, label outside the bar, right of 100","passes A, B, C and D agree"
19,Office of Personnel Management,Office of Personnel Management,500,86,14,,,"GAO-25-107795 Figure 1, PDF p. 11 (printed p. 5), row 19, dollar column","GAO-25-107795 Figure 1, PDF p. 11 (printed p. 5), row 19, label inside the O&M segment","GAO-25-107795 Figure 1, PDF p. 11 (printed p. 5), row 19, label inside the DME segment","passes A, B, C and D agree"
20,U.S. Agency for International Development,USAID,413,72,28,,,"GAO-25-107795 Figure 1, PDF p. 11 (printed p. 5), row 20, dollar column","GAO-25-107795 Figure 1, PDF p. 11 (printed p. 5), row 20, label inside the O&M segment","GAO-25-107795 Figure 1, PDF p. 11 (printed p. 5), row 20, label inside the DME segment","passes A, B, C and D agree"
21,Environmental Protection Agency,Environmental Protection Agency,412,85,15,,,"GAO-25-107795 Figure 1, PDF p. 11 (printed p. 5), row 21, dollar column","GAO-25-107795 Figure 1, PDF p. 11 (printed p. 5), row 21, label inside the O&M segment","GAO-25-107795 Figure 1, PDF p. 11 (printed p. 5), row 21, label inside the DME segment","passes A, B, C and D agree"
22,Small Business Administration,Small Business Administration,318,95,5,,,"GAO-25-107795 Figure 1, PDF p. 11 (printed p. 5), row 22, dollar column","GAO-25-107795 Figure 1, PDF p. 11 (printed p. 5), row 22, label inside the O&M segment","GAO-25-107795 Figure 1, PDF p. 11 (printed p. 5), row 22, label outside the bar, right of 100","passes A, B, C and D agree"
23,National Science Foundation,National Science Foundation,204,69,31,,,"GAO-25-107795 Figure 1, PDF p. 11 (printed p. 5), row 23, dollar column","GAO-25-107795 Figure 1, PDF p. 11 (printed p. 5), row 23, label inside the O&M segment","GAO-25-107795 Figure 1, PDF p. 11 (printed p. 5), row 23, label inside the DME segment","passes A, B, C and D agree"
24,Nuclear Regulatory Commission,Nuclear Regulatory Commission,184,83,17,,,"GAO-25-107795 Figure 1, PDF p. 11 (printed p. 5), row 24, dollar column","GAO-25-107795 Figure 1, PDF p. 11 (printed p. 5), row 24, label inside the O&M segment","GAO-25-107795 Figure 1, PDF p. 11 (printed p. 5), row 24, label inside the DME segment","passes A, B, C and D agree"
