claim,quote,source,page
"cFS is a reusable framework plus a set of reusable apps, independent of platform and project",A platform and project independent reusable software framework and set of reusable software applications,"NASA/TM-20205000691/REV 1, Core Flight System (cFS) Training, NASA Goddard, Jan. 2021 (NTRS 20205011588)",PDF p11 (printed p7)
"cFS names the framework and its growing set of components, and cFE is the core services and API",cFS is a general collective term for the framework and the growing set of components,"NASA/TM-20205000691/REV 1, Core Flight System (cFS) Training, NASA Goddard, Jan. 2021 (NTRS 20205011588)",PDF p14 (printed p10)
cFE is the core Flight Executive services and API,cFE is the Core Flight Executive services and API,"NASA/TM-20205000691/REV 1, Core Flight System (cFS) Training, NASA Goddard, Jan. 2021 (NTRS 20205011588)",PDF p14 (printed p10)
The cFE provides the runtime environment and the services common to most flight apps,"The cFE is a portable, platform-independent framework that creates an application runtime environment by providing services that are common to most flight applications.","NASA/TM-20205000691/REV 1, Core Flight System (cFS) Training, NASA Goddard, Jan. 2021 (NTRS 20205011588)",PDF p29 (printed p25)
OSAL gives the cFE one API whatever the real-time OS,The OS Abstraction Layer (OSAL) is a software library that provides a single Application Program Interface (API) to the core Flight Executive (cFE) regardless of the underlying real-time operating system.,"NASA/TM-20205000691/REV 1, Core Flight System (cFS) Training, NASA Goddard, Jan. 2021 (NTRS 20205011588)",PDF p27 (printed p23)
PSP gives one API to the avionics hardware and board support package,The Platform Support Package (PSP) is a software library that provides a single Application Program Interface (API) to underlying avionics hardware and board support package.,"NASA/TM-20205000691/REV 1, Core Flight System (cFS) Training, NASA Goddard, Jan. 2021 (NTRS 20205011588)",PDF p28 (printed p24)
The software bus is the publish/subscribe messaging service among apps,Provides an application publish/subscribe messaging service,"NASA/TM-20205000691/REV 1, Core Flight System (cFS) Training, NASA Goddard, Jan. 2021 (NTRS 20205011588)",PDF p49 (printed p45)
"The software bus is a portable message service between apps, using publish/subscribe",Provides a portable inter-application message service using a publish/subscribe model,"NASA/TM-20205000691/REV 1, Core Flight System (cFS) Training, NASA Goddard, Jan. 2021 (NTRS 20205011588)",PDF p89 (printed p85)
"EVS sends, filters and logs event messages","Provides a service for sending, filtering, and logging event messages","NASA/TM-20205000691/REV 1, Core Flight System (cFS) Training, NASA Goddard, Jan. 2021 (NTRS 20205011588)",PDF p49 (printed p45)
Events are time-stamped text messages sent on the software bus,Provides an interface for sending time-stamped text messages on the software bus,"NASA/TM-20205000691/REV 1, Core Flight System (cFS) Training, NASA Goddard, Jan. 2021 (NTRS 20205011588)",PDF p112 (printed p108)
TBL manages application table images,Manages application table images,"NASA/TM-20205000691/REV 1, Core Flight System (cFS) Training, NASA Goddard, Jan. 2021 (NTRS 20205011588)",PDF p49 (printed p45)
A table is a named group of parameters,Tables are logical groups of parameters that are managed as a named entity,"NASA/TM-20205000691/REV 1, Core Flight System (cFS) Training, NASA Goddard, Jan. 2021 (NTRS 20205011588)",PDF p149 (printed p145)
ES manages the software system and creates the app runtime environment,Manages the software system and creates an application runtime environment,"NASA/TM-20205000691/REV 1, Core Flight System (cFS) Training, NASA Goddard, Jan. 2021 (NTRS 20205011588)",PDF p49 (printed p45)
ES is the primary interface to the OS task services,Primary interface to underlying operating system task services,"NASA/TM-20205000691/REV 1, Core Flight System (cFS) Training, NASA Goddard, Jan. 2021 (NTRS 20205011588)",PDF p65 (printed p61)
TIME manages spacecraft time,Manages spacecraft time,"NASA/TM-20205000691/REV 1, Core Flight System (cFS) Training, NASA Goddard, Jan. 2021 (NTRS 20205011588)",PDF p49 (printed p45)
Pipes are the queues messages are delivered to,These are queues that can hold SB Messages until they are read out and processed by an application.,"cFE Application Developers Guide, nasa/cFE docs, main branch, read Oct. 6, 2026",Section 6.1.2
"A message ID, the first 16 bits of a packet, identifies a message",“Message ID” (first 16-bits) used to uniquely identify a message,"NASA/TM-20205000691/REV 1, Core Flight System (cFS) Training, NASA Goddard, Jan. 2021 (NTRS 20205011588)",PDF p92 (printed p88)
The TM acronym list expands cFS as Core Flight Software System,Core Flight Software System,"NASA/TM-20205000691/REV 1, Core Flight System (cFS) Training, NASA Goddard, Jan. 2021 (NTRS 20205011588)",PDF p213 (printed p209)
The TM’s own notice says no US copyright is claimed,"This manuscript is a work of the United States Government authored as part of the official duties of employee(s) of the National Aeronautics and Space Administration. No copyright is claimed by the United States under Title 17, U.S. Code.","NASA/TM-20205000691/REV 1, Core Flight System (cFS) Training, NASA Goddard, Jan. 2021 (NTRS 20205011588)",PDF p4 (no printed page number)
cFE expands to Core Flight Executive,cFE Core Flight Executive,"NASA/TM-20205000691/REV 1, Core Flight System (cFS) Training, NASA Goddard, Jan. 2021 (NTRS 20205011588)",PDF p213 (printed p209)
ES expands to Executive Services,ES Executive Services,"NASA/TM-20205000691/REV 1, Core Flight System (cFS) Training, NASA Goddard, Jan. 2021 (NTRS 20205011588)",PDF p213 (printed p209)
EVS expands to Event Services,EVS Event Services,"NASA/TM-20205000691/REV 1, Core Flight System (cFS) Training, NASA Goddard, Jan. 2021 (NTRS 20205011588)",PDF p213 (printed p209)
The TM acronym list expands API as Application Programmer Interface,API Application Programmer Interface,"NASA/TM-20205000691/REV 1, Core Flight System (cFS) Training, NASA Goddard, Jan. 2021 (NTRS 20205011588)",PDF p213 (printed p209)
OSAL expands to Operating System Abstraction Layer,OSAL Operating System Abstraction Layer,"NASA/TM-20205000691/REV 1, Core Flight System (cFS) Training, NASA Goddard, Jan. 2021 (NTRS 20205011588)",PDF p215 (printed p211)
PSP expands to Platform Support Package,PSP Platform Support Package,"NASA/TM-20205000691/REV 1, Core Flight System (cFS) Training, NASA Goddard, Jan. 2021 (NTRS 20205011588)",PDF p215 (printed p211)
SB expands to Software Bus,SB Software Bus,"NASA/TM-20205000691/REV 1, Core Flight System (cFS) Training, NASA Goddard, Jan. 2021 (NTRS 20205011588)",PDF p215 (printed p211)
TBL expands to Table Services,TBL Table Services,"NASA/TM-20205000691/REV 1, Core Flight System (cFS) Training, NASA Goddard, Jan. 2021 (NTRS 20205011588)",PDF p215 (printed p211)
TIME is the name of Time Services,Time Services (TIME),"NASA/TM-20205000691/REV 1, Core Flight System (cFS) Training, NASA Goddard, Jan. 2021 (NTRS 20205011588)",PDF p49 (printed p45)
The 2015 acronym list expands CFS as Core Flight System,CFS Core Flight System,"McComas, Strege and Wilmot, Core Flight System (cFS) a Low Cost Solution for SmallSats, NASA Goddard, Aug. 2015 (NTRS 20150018075)",Slide page 19
"Apps carry the mission functionality, mixing community and mission-specific apps",Applications provide mission functionality using a combination of cFS community apps and mission-specific apps.,"NASA/TM-20205000691/REV 1, Core Flight System (cFS) Training, NASA Goddard, Jan. 2021 (NTRS 20205011588)",PDF p30 (printed p26)
The OS and boot layer is the interface between the processor and the flight software,"Provides the commercial, open-source, or custom software interface between the processor and the FSW.","NASA/TM-20205000691/REV 1, Core Flight System (cFS) Training, NASA Goddard, Jan. 2021 (NTRS 20205011588)",PDF p26 (printed p22)
Each layer and service has a standard API,Each layer and service has a standard API,"Baker, core Flight System (cFS) Overview, NASA Goddard, 2023 (NTRS 20230002444)",Slide 8
Each layer hides its implementation and technology details,Each layer “hides” its implementation and technology details.,"Baker, core Flight System (cFS) Overview, NASA Goddard, 2023 (NTRS 20230002444)",Slide 8
A layer can change inside without affecting other layers,Internals of a layer can be changed -- without affecting other layers’ internals and components.,"Baker, core Flight System (cFS) Overview, NASA Goddard, 2023 (NTRS 20230002444)",Slide 8
"The layering gives middleware, OS and hardware platform independence","Provides Middleware, OS and HW platform-independence.","Baker, core Flight System (cFS) Overview, NASA Goddard, 2023 (NTRS 20230002444)",Slide 8
The TM repeats the 2023 layer bullets,Each layer and service has a standard API.,"NASA/TM-20205000691/REV 1, Core Flight System (cFS) Training, NASA Goddard, Jan. 2021 (NTRS 20205011588)",PDF p43 (printed p39)
Key feature: reusable components,Reusable components,"McComas, Strege and Wilmot, Core Flight System (cFS) a Low Cost Solution for SmallSats, NASA Goddard, Aug. 2015 (NTRS 20150018075)",Slide page 8
Key feature: platform independent,Platform Independent,"McComas, Strege and Wilmot, Core Flight System (cFS) a Low Cost Solution for SmallSats, NASA Goddard, Aug. 2015 (NTRS 20150018075)",Slide page 8
Key feature: new technology without changing the framework,Supports advances in technology without changes to the framework,"McComas, Strege and Wilmot, Core Flight System (cFS) a Low Cost Solution for SmallSats, NASA Goddard, Aug. 2015 (NTRS 20150018075)",Slide page 8
Layers and compile-time parameters make cFS portable,Layered architecture and compile-time configuration parameters make it scalable and portable to a wide range of platforms,"McComas, Strege and Wilmot, Core Flight System (cFS) a Low Cost Solution for SmallSats, NASA Goddard, Aug. 2015 (NTRS 20150018075)",Slide page 2
Goddard created cFS,Original product created by NASA’s Goddard Space Flight Center,"McComas, Strege and Wilmot, Core Flight System (cFS) a Low Cost Solution for SmallSats, NASA Goddard, Aug. 2015 (NTRS 20150018075)",Slide page 2
A NASA multi-center board controls the service and abstraction layers,The FSW Service and Platform Abstraction layers are now controlled by a NASA multi-center configuration control board,"McComas, Strege and Wilmot, Core Flight System (cFS) a Low Cost Solution for SmallSats, NASA Goddard, Aug. 2015 (NTRS 20150018075)",Slide page 2
GPM and MMS were Goddard Class B missions on cFS,Goddard’s Class B missions: Global Precipitation Measurement (GPM) launched February 2014 and Magnetospheric Multscale (MMS) launched March 2015,"McComas, Strege and Wilmot, Core Flight System (cFS) a Low Cost Solution for SmallSats, NASA Goddard, Aug. 2015 (NTRS 20150018075)",Slide page 3
The core layer is the system glue,The cFS core layer is the system glue.,"McComas, Strege and Wilmot, Core Flight System (cFS) a Low Cost Solution for SmallSats, NASA Goddard, Aug. 2015 (NTRS 20150018075)",Slide page 9
NASA claimed up to 90 percent less non-recurring engineering (not used on the slides),The CFS architecture reduces Non-Recurring Engineering (NRE) up to 90%,"McComas, Strege and Wilmot, Core Flight System (cFS) a Low Cost Solution for SmallSats, NASA Goddard, Aug. 2015 (NTRS 20150018075)",Slide page 11
"On GPM, adding the PSP changed the build midstream",Addition of PSP changed build infrastructure midstream,"McComas, Strege and Wilmot, Core Flight System (cFS) a Low Cost Solution for SmallSats, NASA Goddard, Aug. 2015 (NTRS 20150018075)",Slide page 14
"GPM code was 38.9 percent heritage clone and own, 18.5 percent new",Heritage Clone & Own 38.9,"McComas, Strege and Wilmot, Core Flight System (cFS) a Low Cost Solution for SmallSats, NASA Goddard, Aug. 2015 (NTRS 20150018075)",Slide page 14
The 2015 deck lists 13 components available,Components available 13,"McComas, Strege and Wilmot, Core Flight System (cFS) a Low Cost Solution for SmallSats, NASA Goddard, Aug. 2015 (NTRS 20150018075)",Slide page 22
Many PSPs at each center are not open source,There are many other PSPs at each center that are not open source,"McComas, Strege and Wilmot, Core Flight System (cFS) a Low Cost Solution for SmallSats, NASA Goddard, Aug. 2015 (NTRS 20150018075)",Slide page 23
Reusing tested components saves effort in every phase,"Reuse of tested, certified components supplies savings in each phase of the software development cycle.","NASA/TM-20205000691/REV 1, Core Flight System (cFS) Training, NASA Goddard, Jan. 2021 (NTRS 20205011588)",PDF p45 (printed p41)
Teams focus on the custom parts of their project,Teams focus on the custom aspects of their project and don’t “reinvent the wheel”.,"NASA/TM-20205000691/REV 1, Core Flight System (cFS) Training, NASA Goddard, Jan. 2021 (NTRS 20205011588)",PDF p45 (printed p41)
cFS apps run wherever the framework is deployed,Can run anywhere the cFS framework has been deployed,"NASA/TM-20205000691/REV 1, Core Flight System (cFS) Training, NASA Goddard, Jan. 2021 (NTRS 20205011588)",PDF p32 (printed p28)
GSFC has released 12 applications (2021),GSFC has released 12 applications,"NASA/TM-20205000691/REV 1, Core Flight System (cFS) Training, NASA Goddard, Jan. 2021 (NTRS 20205011588)",PDF p32 (printed p28)
The bus routes each message to every subscriber,Routes messages to all applications that have subscribed to the message (i.e. broadcast model),"NASA/TM-20205000691/REV 1, Core Flight System (cFS) Training, NASA Goddard, Jan. 2021 (NTRS 20205011588)",PDF p89 (printed p85)
Subscriptions are set up at app startup,Subscriptions are done at application startup,"NASA/TM-20205000691/REV 1, Core Flight System (cFS) Training, NASA Goddard, Jan. 2021 (NTRS 20205011588)",PDF p89 (printed p85)
Routes can be added or removed at runtime,Message routing can be added/removed at runtime,"NASA/TM-20205000691/REV 1, Core Flight System (cFS) Training, NASA Goddard, Jan. 2021 (NTRS 20205011588)",PDF p89 (printed p85)
The sender does not know who subscribes,Sender does not know who subscribes (i.e. connectionless),"NASA/TM-20205000691/REV 1, Core Flight System (cFS) Training, NASA Goddard, Jan. 2021 (NTRS 20205011588)",PDF p89 (printed p85)
The scheduler sends housekeeping requests on the bus,HK Requests,"NASA/TM-20205000691/REV 1, Core Flight System (cFS) Training, NASA Goddard, Jan. 2021 (NTRS 20205011588)",PDF p90 (printed p86)
A telemetry packet header carries the time the data was produced,Secondary packet header contains a time stamp of when the data was produced,"NASA/TM-20205000691/REV 1, Core Flight System (cFS) Training, NASA Goddard, Jan. 2021 (NTRS 20205011588)",PDF p92 (printed p88)
"Telemetry on the bus can go to other apps, onboard storage and the ground","Telemetry is sent on the software bus by apps and can be ingested by other apps, stored onboard and sent to the ground","NASA/TM-20205000691/REV 1, Core Flight System (cFS) Training, NASA Goddard, Jan. 2021 (NTRS 20205011588)",PDF p92 (printed p88)
A reset discards packets in transit,Any packet in transit at the time of the reset is discarded,"NASA/TM-20205000691/REV 1, Core Flight System (cFS) Training, NASA Goddard, Jan. 2021 (NTRS 20205011588)",PDF p94 (printed p90)
An app needs a pipe to receive messages,Apps must create a pipe in order to receive messages,"NASA/TM-20205000691/REV 1, Core Flight System (cFS) Training, NASA Goddard, Jan. 2021 (NTRS 20205011588)",PDF p97 (printed p93)
An app subscribes to each message ID it wants,Apps must subscribe to each individual message ID they want to receive,"NASA/TM-20205000691/REV 1, Core Flight System (cFS) Training, NASA Goddard, Jan. 2021 (NTRS 20205011588)",PDF p97 (printed p93)
Apps usually subscribe to a housekeeping request ID and a command ID,Apps typically subscribe to at least 2 MIDs: one for housekeeping requests and one for commands,"NASA/TM-20205000691/REV 1, Core Flight System (cFS) Training, NASA Goddard, Jan. 2021 (NTRS 20205011588)",PDF p97 (printed p93)
Zero copy sending avoids an extra copy,Eliminates an extra copy of the message.,"NASA/TM-20205000691/REV 1, Core Flight System (cFS) Training, NASA Goddard, Jan. 2021 (NTRS 20205011588)",PDF p98 (printed p94)
A receiver can pend or poll,"To receive messages, can pend or poll using the TimeOut parameter","NASA/TM-20205000691/REV 1, Core Flight System (cFS) Training, NASA Goddard, Jan. 2021 (NTRS 20205011588)",PDF p99 (printed p95)
CFE_SB_SendMsg sends a message on the bus (2021 name),API used to send a message on the software bus,"NASA/TM-20205000691/REV 1, Core Flight System (cFS) Training, NASA Goddard, Jan. 2021 (NTRS 20205011588)",PDF p101 (printed p97)
CFE_SB_RcvMsg receives a message from the bus (2021 name),API used to receive a message from the software bus,"NASA/TM-20205000691/REV 1, Core Flight System (cFS) Training, NASA Goddard, Jan. 2021 (NTRS 20205011588)",PDF p101 (printed p97)
CFE_SB_CreatePipe creates a pipe,API to create a pipe for receiving messages,"NASA/TM-20205000691/REV 1, Core Flight System (cFS) Training, NASA Goddard, Jan. 2021 (NTRS 20205011588)",PDF p101 (printed p97)
CFE_SB_TimeStampMsg sets the time field,Set the time field to the current time,"NASA/TM-20205000691/REV 1, Core Flight System (cFS) Training, NASA Goddard, Jan. 2021 (NTRS 20205011588)",PDF p102 (printed p98)
CFE_SB_InitMsg initializes the header (2021 name),Initialize the header fields of a message,"NASA/TM-20205000691/REV 1, Core Flight System (cFS) Training, NASA Goddard, Jan. 2021 (NTRS 20205011588)",PDF p102 (printed p98)
The Scheduler app schedules onboard activities such as housekeeping requests,Schedules onboard activities via (e.g. HK requests),"NASA/TM-20205000691/REV 1, Core Flight System (cFS) Training, NASA Goddard, Jan. 2021 (NTRS 20205011588)",PDF p38 (printed p34)
Telemetry Output Lab sends CCSDS telemetry packets over UDP/IP,Sends CCSDS telemetry packets over a UDP/IP port,"NASA/TM-20205000691/REV 1, Core Flight System (cFS) Training, NASA Goddard, Jan. 2021 (NTRS 20205011588)",PDF p38 (printed p34)
Data Storage records data onboard for downlink,"Records housekeeping, engineering and science data onboard for downlink","NASA/TM-20205000691/REV 1, Core Flight System (cFS) Training, NASA Goddard, Jan. 2021 (NTRS 20205011588)",PDF p38 (printed p34)
The 2021 memo lists Telemetry Output Lab among the GSFC open source apps,Telemetry Output Lab,"NASA/TM-20205000691/REV 1, Core Flight System (cFS) Training, NASA Goddard, Jan. 2021 (NTRS 20205011588)",PDF p38 (printed p34)
Time design is tightly coupled with the avionics,Designing and configuring time is tightly coupled with the mission avionics design,"NASA/TM-20205000691/REV 1, Core Flight System (cFS) Training, NASA Goddard, Jan. 2021 (NTRS 20205011588)",PDF p133 (printed p129)
"In 2021, Software Bus Network passes bus messages over plug-in network protocols",Passes Software Bus messages over various “plug-in” network protocols,"NASA/TM-20205000691/REV 1, Core Flight System (cFS) Training, NASA Goddard, Jan. 2021 (NTRS 20205011588)",PDF p38 (printed p34)
"In 2015, Software Bus Network passes bus messages over Ethernet",Passes Software Bus messages over Ethernet,"McComas, Strege and Wilmot, Core Flight System (cFS) a Low Cost Solution for SmallSats, NASA Goddard, Aug. 2015 (NTRS 20150018075)",Slide page 10
Title of the 2015 page 8 slide,cFS Key Features,"McComas, Strege and Wilmot, Core Flight System (cFS) a Low Cost Solution for SmallSats, NASA Goddard, Aug. 2015 (NTRS 20150018075)",Slide page 8
Title of the 2023 slide 8,Layered Service Architecture,"Baker, core Flight System (cFS) Overview, NASA Goddard, 2023 (NTRS 20230002444)",Slide 8
The 2015 apps table lists three Lab apps among its rows,Telemetry Output Lab,"McComas, Strege and Wilmot, Core Flight System (cFS) a Low Cost Solution for SmallSats, NASA Goddard, Aug. 2015 (NTRS 20150018075)",Slide page 10
The 2015 deck’s page 2 draws three layers,Application Layer FSW Service Layer Platform Abstraction Layer,"McComas, Strege and Wilmot, Core Flight System (cFS) a Low Cost Solution for SmallSats, NASA Goddard, Aug. 2015 (NTRS 20150018075)",Slide page 2
The 2015 acronym list expands API as Application Programmer Interface,API Application Programmer Interface,"McComas, Strege and Wilmot, Core Flight System (cFS) a Low Cost Solution for SmallSats, NASA Goddard, Aug. 2015 (NTRS 20150018075)",Slide page 19
NASA draws the software bus as a message router bar with apps around it,Inter-app Message Router (Software Bus),"NASA/TM-20205000691/REV 1, Core Flight System (cFS) Training, NASA Goddard, Jan. 2021 (NTRS 20205011588)",PDF p33 (printed p29)
Development tools and ground systems sit beside the flight layers,Development tools and ground systems are used to test and run the cFS.,"NASA/TM-20205000691/REV 1, Core Flight System (cFS) Training, NASA Goddard, Jan. 2021 (NTRS 20205011588)",PDF p31 (printed p27)
Commands come from the ground or from onboard apps,Commands can originate from the ground or from onboard applications,"NASA/TM-20205000691/REV 1, Core Flight System (cFS) Training, NASA Goddard, Jan. 2021 (NTRS 20205011588)",PDF p92 (printed p88)
Software Bus Network extends the bus across processors,The Software Bus Network application can be used to extend the software bus across multiple processors,"NASA/TM-20205000691/REV 1, Core Flight System (cFS) Training, NASA Goddard, Jan. 2021 (NTRS 20205011588)",PDF p96 (printed p92)
Pipe depth and message limits depend on the whole system,Pipe depth and message limits are dependent on the entire software system.,"cFE Application Developers Guide, nasa/cFE docs, main branch, read Oct. 6, 2026",Section 6.9
cFS is a generic flight software framework used from flagships to Raspberry Pi,"The Core Flight System (cFS) is a generic flight software architecture framework used on flagship spacecraft, human spacecraft, cubesats, and Raspberry Pi.","nasa/cFS README.md, main branch, github.com/nasa/cFS, read Oct. 6, 2026","README, opening paragraph"
"The open bundle is a starting point, not a verified operational system","This bundle has not been fully verified as an operational system, and is provided as a starting point vs an end product.","nasa/cFS README.md, main branch, github.com/nasa/cFS, read Oct. 6, 2026","README, second paragraph"
Verification against mission requirements is the mission’s job,All verification and validation per mission requirements is the responsibility of the mission,"nasa/cFS README.md, main branch, github.com/nasa/cFS, read Oct. 6, 2026","README, second paragraph"
The lab apps are examples only,"Note the ""lab"" apps are intended as examples only","nasa/cFS README.md, main branch, github.com/nasa/cFS, read Oct. 6, 2026","README, opening paragraph"
Current release v7.0.1 includes cFE 7.0.1 and OSAL 7.0.1,"Includes cFE 7.0.1 (cFE, PSP, framework apps, and framework tools as marked) and OSAL 7.0.1","nasa/cFS README.md, main branch, github.com/nasa/cFS, read Oct. 6, 2026","README, Release Notes"
The open-source cFS is released under Apache 2.0,"This is the open-source version of cFS, released under an Apache 2.0 license.","nasa/cFS README.md, main branch, github.com/nasa/cFS, read Oct. 6, 2026","README, Distributions"
Goddard’s Flight Software Systems Branch owns and maintains cFS and cFE,cFS/cFE is owned and maintained by NASA Goddard Space Flight Center's Flight Software Systems Branch.,"nasa/cFS README.md, main branch, github.com/nasa/cFS, read Oct. 6, 2026","README, Contact"
"The 2021 layer diagram stacks applications, the core Flight Executive, platform abstraction and the RTOS and boot layer",Core Flight Executive API,"NASA/TM-20205000691/REV 1, Core Flight System (cFS) Training, NASA Goddard, Jan. 2021 (NTRS 20205011588)",PDF p12 (printed p8)
The current cFE offers two message ID implementations,The message module provides a selection of two different implementations for Message ID (MISSION_MSG_V1 and MISSION_MSG_V2),"cFE Application Developers Guide, nasa/cFE docs, main branch, read Oct. 6, 2026",Section 6.1.1
Apps should use the software bus for all communication with other apps,Applications should use the Software Bus for all communication with other applications.,"cFE Application Developers Guide, nasa/cFE docs, main branch, read Oct. 6, 2026",Section 6.9
Sending copies the message into a bus buffer,The drawback to using CFE_SB_TransmitMsg is that the message is copied into a SB Buffer.,"cFE Application Developers Guide, nasa/cFE docs, main branch, read Oct. 6, 2026",Section 6.8
"A full pipe rejects new messages, and other pipes keep working","If the limit is reached for a pipe, then additional SB Messages sent to that pipe are rejected","cFE Application Developers Guide, nasa/cFE docs, main branch, read Oct. 6, 2026",Section 6.1.2.1
The pipe limit keeps one slow app from blocking routing to the others,This is to prevent a slowly responding application from interfering with the routing of SB Messages to other applications.,"cFE Application Developers Guide, nasa/cFE docs, main branch, read Oct. 6, 2026",Section 6.1.2.1
Buffer limits depend on sender and receiver timing,The choice of buffer limits depends on the timing of both the sending and receiving applications.,"cFE Application Developers Guide, nasa/cFE docs, main branch, read Oct. 6, 2026",Section 6.1.2.1
The current guide sends housekeeping with CFE_SB_TransmitMsg,"CFE_SB_TransmitMsg(CFE_MSG_PTR(SAMPLE_APP_Data.HkTlm.TelemetryHeader), true);","cFE Application Developers Guide, nasa/cFE docs, main branch, read Oct. 6, 2026",Section 6.6
The current guide receives with CFE_SB_ReceiveBuffer,"To receive a Message, an application calls CFE_SB_ReceiveBuffer.","cFE Application Developers Guide, nasa/cFE docs, main branch, read Oct. 6, 2026",Section 6.7
CI and TO are adapted per mission,"The flight interfaces for ingest and telemetry are typically managed by the Command Ingest (CI) and Telemetry Output (TO) applications, adapted as needed to fit the mission.","cFE Application Developers Guide, nasa/cFE docs, main branch, read Oct. 6, 2026",Section 6
